Gene,Fragment,Exons,Primer,Sequence,Genomic Location (Hg19),Fragment Genomic location
PMS2 ,F1,1-7,PMS2_NGS_F1_01_F,AAAAGTCTGAGTGAGTCCCTGGCCGG,"chr7:6,049,253-6,049,278",chr7:6049253-6035628
PMS2 ,F1,,PMS2_NGS_F1_01_R,GCTGCCACCCCTGGTTTGTCAATGAA,"chr7:6,035,603-6,035,628",
PMS2 ,F2,6-10,PMS2_F2_F1     ,TCAGGCTGCTTTTAATTTCATGTG,"chr7:6,040,147-6,040,170",chr7:6040147-6028378
PMS2 ,F2,,PMS2_LR_Ex10_R_02    ,AATTTTGCCACATGACTTGGGTGA,"chr7:6,028,355-6,028,378",
PMS2 ,F3,10-15,PMS2_NGS_F3_04_F,AGCCCTTCCGTATTTTGTCTATTCA,"chr7:6,030,089-6,030,113",chr7:6030089-6012843
PMS2 ,F3,,LRPCR_Uni_R,ACACGAGCGCATGCAAACATAGAG,"chr7:6,012,820-6,012,843",
CHEK2,Ex10_15,10-15,CHEK2_Ex10_15_LR_Fv3,GTTAGCTGGTTGAAGTGGCATGCTTTGTG,"chr22:29,093,702-29,093,730",chr22:29093702-29082634
CHEK2,Ex10_15,,CHEK2_EX10_15_LR_Rv2,CATTTACCAGCTGTGCAACATCGGA,"chr22:29,082,610-29,082,634",
IKBKG,Ex2_10,2-10,IKBKG_M_LR_F ,CCCACCCACGTCACCCAGAATGATCT,chrX: 153779710- 153779735,chrX: 153779710- 153793317
IKBKG,Ex2_10,,IKBKG_M_LR_R,ATCGCCCATGCTCAGTGGTGTCACTT,chrX: 153793292- 153793317,
SMN1,,,SMN1_in1_15kb_F01,aggccggtttcctccatatgatcttgc,chr5:70233401-70233427,Chr5:70233401-70248509
SMN1,,,SMN_FL_ex8_R,CCCCCACCCCAGTCTTTTACAGATGGT,chr5:70248483-70248509,
